,noise_level,function,p,integer,"(lb,ub)",n,poly_loss,krr_loss,knn_loss,nn_loss,xg_loss,rf_loss,gp_loss,gpt3_loss,gptj_loss
0,0.1,piecewise,1,False,"(-150, 150)",250,0.02419202588315677,0.12409257955271327,0.042017216907469374,0.04272700896082311,0.04551473081271396,0.04093740946769738,0.7515552005777015,0.07712470593457114,0.07056107501397516
1,0.1,linear,1,True,"(0, 300)",250,0.008593573758049864,0.17610900535557103,0.03439129375274424,0.006277894190422695,0.037123293960199616,0.02805638017537004,1.1467330392069537,0.07684331946550542,0.07061917469157285
2,0.1,piecewise,1,True,"(0, 300)",250,0.009296183780341832,0.1724962610993356,0.029516801731164992,0.1345774628233651,0.04578155392211818,0.04469449262086915,0.16582609170169665,0.07958781357472018,0.12432472836649147
3,0.1,linear,1,False,"(0, 300)",250,0.0073090243669927365,0.18584839245875617,0.038038367106627044,0.005607648087832245,0.043930708026431356,0.03221625667073281,1.0644663336231777,0.080982585584907,0.0783654362213773
4,0.1,piecewise,1,False,"(0, 300)",250,0.007812622603785463,0.16400575516419885,0.03722593122953247,0.0046363937895330205,0.04712243812934247,0.03681708621813893,1.2177537736143271,0.0702928057298516,0.09955633309561475
5,0.1,piecewise,1,True,"(-150, 150)",250,0.02120930885473085,0.11663726562012054,0.03211780942756537,0.06443335495819172,0.0466078444270416,0.03770054768250464,0.6144317760062803,0.08631897945187221,0.07698883533143823
6,0.1,linear,1,True,"(-150, 150)",250,0.00880745800217871,0.10283548778210073,0.02407189018048568,0.006979910116217033,0.042884562249271826,0.03566180024229925,0.5968027186262523,0.08150034756262581,0.07504320669476364
7,0.1,linear,1,False,"(-150, 150)",250,0.006053436937089733,0.11488017516832612,0.028831768848579537,0.015331851869124936,0.04639235056188619,0.036730708400051666,0.718500981380311,0.06546924107837822,0.0739967591667134
