,noise_level,function,p,integer,"(lb,ub)",n_train,n_valid,n_test,poly_loss,krr_loss,knn_loss,nn_loss,xg_loss,rf_loss,gp_loss,num_valids,loss,loss_woo,num_o
0,0.1,exponential,2,False,"(-10, 10)",200,50,100,0.03955000323864481,0.14530571000460116,0.12583035971040357,0.07516625759403557,0.08532983825608081,0.09637684941135526,0.03877970936283467,100,0.2153652075877372,0.2153652075877372,0
1,0.1,quadratic,2,False,"(-10, 10)",200,50,100,0.025707314767253492,0.16642854253227898,0.15360445192440642,0.06283602401953892,0.14546615489515838,0.24437078517722505,0.024095749095371988,100,0.20865065611216418,0.20865065611216418,0
2,0.1,linear,2,False,"(-10, 10)",200,50,100,0.027695339693387073,0.08468137416230498,0.09629663052325149,0.03870889685639988,0.12936208387747572,0.13549740686671188,0.01099685148257595,100,0.19543712549735692,0.19543712549735692,0
3,0.1,cosine,2,False,"(-10, 10)",200,50,100,1.045801909174996,0.7255972708956651,0.8400670452336966,1.040256361802548,0.3828584575295659,0.7718919125986844,0.31818700998823707,100,0.5933112485277378,0.5933112485277378,0
4,0.1,l1norm,2,False,"(-10, 10)",200,50,100,0.24338281351395033,0.16754240827272576,0.17092798323462707,0.04687285703389185,0.16095129312026765,0.27615867900736635,0.06445558280213073,100,0.18689160671777452,0.18689160671777452,0
5,0.1,piecewise,2,False,"(-10, 10)",200,50,100,0.3843074358921702,0.34042428806886815,0.31536999084438255,0.19398618986129487,0.1620501373781172,0.35931775042118735,0.274814289188492,100,0.32679206784379206,0.30534025177528157,1
