,noise_level,function,p,integer,"(lb,ub)",n,poly_loss,krr_loss,knn_loss,nn_loss,xg_loss,rf_loss,gp_loss,gpt3_loss,gptj_loss
0,0.1,piecewise,1,False,"(-150, 150)",250,0.021184403710484228,0.1181132472221177,0.031108915485419997,0.06608225283529723,0.043900285077716865,0.03782043410395077,0.7854719618498635,0.07166128911042423,0.07104668086272191
1,0.1,linear,1,True,"(0, 300)",250,0.011858800382782657,0.1750137790654408,0.031211853738459985,0.005661805734747802,0.049331357547826894,0.04427568522474109,0.16441527347607268,0.07905786384304318,0.06725246890700391
2,0.1,piecewise,1,True,"(0, 300)",250,0.011011577404934638,0.17345419469769144,0.037371546731023005,0.05254735552770048,0.04283911732389987,0.03208559767525601,0.14797401504071703,0.08855743467711755,0.1274258784630341
3,0.1,linear,1,False,"(0, 300)",250,0.011305508986252271,0.2114980030901274,0.03340381110100518,0.007746256841056108,0.04932687813344448,0.041757821672837536,1.1592550410629154,0.07302384220294013,0.07186770050662737
4,0.1,piecewise,1,False,"(0, 300)",250,0.010643804059147745,0.1682388926253581,0.03455063547387594,0.1659965533667865,0.044480539907426855,0.0388471377485565,1.1907139744587896,0.07936630581328323,0.09843272172485137
5,0.1,piecewise,1,True,"(-150, 150)",250,0.026319045084257617,0.12283749176727365,0.0430973897407189,0.014579839471186138,0.042860890469224006,0.04853120429133167,0.5849973452822884,0.08895444223913765,0.09386185570508021
6,0.1,linear,1,True,"(-150, 150)",250,0.0071628910894132,0.10547419578089257,0.03178036288008696,0.005736332095985959,0.042761725237844175,0.03887677329851631,0.5598399291790972,0.0813599749350636,0.07886134216445603
7,0.1,linear,1,False,"(-150, 150)",250,0.010241629533184731,0.10484995557560164,0.03613506445160875,0.008785646182382003,0.04313484923502648,0.036415616193656464,0.666954699940914,0.06118840113184139,0.06871474415675093
