,linear,poly,knn,nn
./group_1/CCPP\ccpp_train_20.csv,0.9252270701412878,0.9252270701412878,0.4469897362193166,0.8583448453261087
./group_1/CCPP\ccpp_train_40.csv,0.9253753619354507,0.9253753619354507,0.6458695710352578,0.8834493269816347
./group_1/CCPP\ccpp_train_60.csv,0.9254298777158789,0.9254298777158789,0.7153720406274375,0.861027979515446
./group_1/CCPP\ccpp_train_80.csv,0.9254298777158789,0.9254298777158789,0.7153720406274375,0.861027979515446
./group_1/CCPP\ccpp_train_full.csv,0.9255730569319549,0.9255730569319549,0.7546204257713092,0.89294079276665
