,Unnamed: 0,noise_level,function,p,integer,"(lb,ub)",n,poly_loss,krr_loss,knn_loss,nn_loss,xg_loss,rf_loss,gp_loss,gpt3_loss,gptj_loss
0,2,0.1,cosine,1,False,"(-10, 10)",250,0.023416547760961384,0.04214858120384068,0.05683737617478536,0.014413545419490269,0.010451581810932113,0.03424088776383388,0.02018869000710338,0.067256198149581,0.10013945766475872
1,3,0.1,exponential,1,False,"(-10, 10)",250,0.0038790705758386806,0.02965087112438757,0.006058102832357971,0.011462729234673114,0.06349628019821578,0.09538195464408948,0.11890620608521797,0.0019275330204843498,0.005937430379008946
2,4,0.1,l1norm,1,False,"(-10, 10)",250,0.002064869027517597,0.01500335130852146,0.010662553989394865,0.006197884315151154,0.010088332261360395,0.012796466747310255,0.07807878237495336,0.006025081840877477,0.007164994936667985
3,0,0.1,linear,1,False,"(-10, 10)",250,0.006141700995279897,0.009645145866196215,0.007462497957947996,0.018937826576604998,0.030219462432664386,0.07867173286715778,0.06538010459899528,0.001970904323399665,0.004175949152186083
4,5,0.1,piecewise,1,False,"(-10, 10)",250,0.0056526233880966155,0.016474903899479948,0.013953053019379928,0.03508737831286657,0.020484264876867532,0.0215915358061477,0.12301706181063045,0.007037275942543586,0.03337537881872234
5,1,0.1,quadratic,1,False,"(-10, 10)",250,0.006492543882120441,0.007564180117281549,0.013530827530548638,0.023859125337433673,0.021906821437029947,0.020096532927539924,0.055598519554517466,0.024779902594350072,0.01516688854201125
