,Unnamed: 0,noise_level,function,p,integer,"(lb,ub)",n,poly_loss,krr_loss,knn_loss,nn_loss,xg_loss,rf_loss,gp_loss,gpt3_loss,gptj_loss
0,2,0.1,cosine,1,False,"(-10, 10)",250,1.0753116086856545,0.2349949218793209,0.3364380321455709,1.0310277122571712,0.8213069581641914,0.3376110686932141,0.754723955574327,0.48940832917997973,0.35916116791196734
1,3,0.1,exponential,1,False,"(-10, 10)",250,0.17690505775177065,0.3209007852144763,0.25633237009492055,0.5381347657460559,0.7638097352455601,0.21696581967110515,1.2506223537222014,0.0982385176146976,0.1108963845898339
2,4,0.1,l1norm,1,False,"(-10, 10)",250,0.21712932126714402,0.218104506528508,0.21168711169885715,0.3507193965011181,0.6877704550325944,0.14657952920636205,0.7801085489816327,0.09782269374605473,0.10166456044973186
3,0,0.1,linear,1,False,"(-10, 10)",250,0.1458749061220202,0.23481068168162525,0.20575160103507092,0.10164508711772717,0.6730401348937294,0.1896444266863666,0.8076330876333403,0.0682520277401928,0.07041349711504187
4,5,0.1,piecewise,1,False,"(-10, 10)",250,0.5070483177751184,0.3809318356233915,0.35218869979057255,0.7900999689927274,0.6673188002758129,0.22228810061114643,0.7232910072634265,0.16121327862240167,0.15421395636715104
5,1,0.1,quadratic,1,False,"(-10, 10)",250,0.12995720874249975,0.21147178754247506,0.20255484643822688,0.6450085420461816,0.6760400379411035,0.14535122876151352,0.9249647355246592,0.11546528665653154,0.11991652922304175
