,Unnamed: 0,noise_level,function,p,integer,"(lb,ub)",n,poly_loss,krr_loss,knn_loss,nn_loss,xg_loss,rf_loss,gp_loss,gpt3_loss,gptj_loss
0,2,0.1,cosine,1,False,"(-10, 10)",250,0.02503026229728283,0.01285699482813403,0.04508887726790742,0.0008014223687425022,0.0028105047076983133,0.0019580684468838852,0.027210690426070522,0.06559758380985888,0.08676679307538654
1,3,0.1,exponential,1,False,"(-10, 10)",250,0.005405414818345559,0.03621509101858651,0.006160043785877212,0.007279151900090492,0.08319429691393643,0.015567338091326054,0.025522560635573684,0.00039299167266066743,0.0024531966679125377
2,4,0.1,l1norm,1,False,"(-10, 10)",250,0.002875626107756647,0.007918926093234923,0.012613923736404952,0.007930020631836635,0.003566114842202686,0.0005512666472304857,0.08537454916523268,0.006506478536678796,0.009975141399124995
3,0,0.1,linear,1,False,"(-10, 10)",250,0.006108909338726724,0.008857461622283352,0.007478673827306589,0.022816625674826556,0.03905658289631044,0.0023272251803689967,0.003869259202331629,0.0025286016036286554,0.004325184226626023
4,5,0.1,piecewise,1,False,"(-10, 10)",250,0.006376529683080878,0.014691571884956334,0.016829341074185957,0.049430793229635485,0.02780108513965538,0.02233096581420964,0.11715788283917962,0.0005783413945879075,0.03975757012259218
5,1,0.1,quadratic,1,False,"(-10, 10)",250,0.008763762704522487,0.001111573161867035,0.007371061823706637,0.008605948459585481,0.004706440979264673,0.0018682006688235857,0.03661874263312632,0.019231412066673892,0.0028891425940748895
