,Unnamed: 0,noise_level,function,p,integer,"(lb,ub)",n,poly_loss,krr_loss,knn_loss,nn_loss,xg_loss,rf_loss,gp_loss,gpt3_loss,gptj_loss
0,2,0.1,cosine,1,False,"(-10, 10)",250,1.0664595337178668,0.21123324587578235,0.3092719754829275,1.0227124822011606,0.8153828240785321,0.31785825135125734,0.7511944434517057,0.46129027632723063,0.404854613069519
1,3,0.1,exponential,1,False,"(-10, 10)",250,0.1765229871417422,0.32953034197583986,0.2539014895819197,0.5322214718158471,0.7776074654877438,0.1622649779222426,1.3184775556718482,0.0993397536350655,0.1141747984624177
2,4,0.1,l1norm,1,False,"(-10, 10)",250,0.2173367430154377,0.21006821685287919,0.2083139568174027,0.3522437713864749,0.6934100726402493,0.13919491425912564,0.8086969465965858,0.095576624608269,0.10239152433609056
3,0,0.1,linear,1,False,"(-10, 10)",250,0.14839556109385,0.23057584498327466,0.20879153495237665,0.09591964472279704,0.6659571135056721,0.1442332182175265,0.769918932492385,0.0677732964944126,0.06877185748502596
4,5,0.1,piecewise,1,False,"(-10, 10)",250,0.5050800625606326,0.38831427686983744,0.3563948194617971,0.7918722046067406,0.6639943985715215,0.2307902258625264,0.670786363847055,0.1652693856766741,0.16459958297746852
5,1,0.1,quadratic,1,False,"(-10, 10)",250,0.1288389723794903,0.20712824738113256,0.19534566207712656,0.658328035122407,0.6635389242290075,0.13377358437188341,0.8965585787938934,0.1274252193144575,0.12859333615457563
