,linear,poly,knn,nn
./group_1/medical_insurance\insurance_train_20_num.csv,0.7534510961468066,0.7534510961468066,-0.042534058435718114,-0.8416512207343847
./group_1/medical_insurance\insurance_train_40_num.csv,0.7483008636502857,0.7483008636502857,-0.04322693069316608,0.6260410906049609
./group_1/medical_insurance\insurance_train_60_num.csv,0.7637862147933486,0.7637862147933486,0.1304703509632168,0.7777565501599809
./group_1/medical_insurance\insurance_train_80_num.csv,0.7644145975183659,0.7644145975183659,0.24437400008777055,0.7831640401169073
./group_1/medical_insurance\insurance_train_full_num.csv,0.7638746720494822,0.7638746720494822,0.2481241914463076,0.7824988186380029
