,linear,poly,knn,nn
./group_1/medical_insurance\insurance_train_20_num.csv,6143.833772307208,6143.833772307208,12633.772285643721,16791.58187917563
./group_1/medical_insurance\insurance_train_40_num.csv,6207.672284505026,6207.672284505026,12637.969815843448,7566.584059831468
./group_1/medical_insurance\insurance_train_60_num.csv,6013.68309768217,6013.68309768217,11537.988889810917,5833.140052137947
./group_1/medical_insurance\insurance_train_80_num.csv,6005.678884256446,6005.678884256446,10755.766497890994,5761.7388800529625
./group_1/medical_insurance\insurance_train_full_num.csv,6012.556991268825,6012.556991268825,10729.042725457037,5770.570204241699
