,linear,poly,knn,nn
./group_1/medical_insurance\insurance_train_20_num.csv,0.33603434949547883,0.33603434949547883,0.6909987491549627,0.9184083591587624
./group_1/medical_insurance\insurance_train_40_num.csv,0.3395259695024923,0.3395259695024923,0.6912283312664629,0.4138510654225409
./group_1/medical_insurance\insurance_train_60_num.csv,0.32891581424454897,0.32891581424454897,0.6310653469417801,0.3190410899089323
./group_1/medical_insurance\insurance_train_80_num.csv,0.3284780272289139,0.3284780272289139,0.5882820291680475,0.3151358334674348
./group_1/medical_insurance\insurance_train_full_num.csv,0.3288542223379162,0.3288542223379162,0.586820383912216,0.3156188589510216
