,noise_level,function,p,integer,"(lb,ub)",n_train,n_valid,n_test,poly_loss,krr_loss,knn_loss,nn_loss,xg_loss,rf_loss,gp_loss,num_valids,loss,loss_woo,num_o
0,0.1,piecewise,1,False,"(-10, 10)",200,50,100,0.5022306284815167,0.14237094057395347,0.8414546246814417,0.47887859622127715,0.8849554157859929,0.7891008519411571,0.6266795705765666,100,0.3443328074168116,0.3443328074168116,0
1,0.1,linear,1,False,"(-10, 10)",200,50,100,0.03591749559511063,0.029728190485043805,0.20640467032005155,0.04038139507922117,0.19761249128990369,0.20559190086763737,0.03468815135945944,100,0.06956814691376233,0.06956814691376233,0
2,0.1,l1norm,1,False,"(-10, 10)",200,50,100,0.3397661851026865,0.23715164335362782,0.34036645657277076,0.23345676220509823,0.361568752155325,0.40768092398918704,0.1724816454891389,100,0.49872036488111227,0.49872036488111227,0
3,0.1,quadratic,1,False,"(-10, 10)",200,50,100,0.023616961324683213,0.143214934206967,0.1860527763361775,0.1850956671927863,0.21161373847827844,0.25903525466107874,0.014462302455074962,100,0.6217552442477006,0.6217552442477006,0
4,0.1,exponential,1,False,"(-10, 10)",200,50,100,0.04907179673204806,0.10847497744017043,0.16644739820744342,0.049205904244661224,0.1709497216343692,0.1668154076390469,0.030898192630824713,100,0.44150191663904687,0.44150191663904687,0
5,0.1,cosine,1,False,"(-10, 10)",200,50,100,1.0095094683925803,0.4538109456272199,0.5966933491735015,0.6528807819322046,0.5785236192449807,0.7036352406009115,0.38086918314679835,100,0.8921324499337342,0.8921324499337342,0
