,noise_level,function,p,integer,"(lb,ub)",n_train,n_valid,n_test,poly_loss,krr_loss,knn_loss,nn_loss,xg_loss,rf_loss,gp_loss,num_valids,loss,loss_woo,num_o
0,0.1,piecewise,1,False,"(-10, 10)",200,50,100,0.5047256673116342,0.15120768666674472,0.8204517865027764,0.5546995281941407,0.8784923582231906,0.7426826302267667,0.6584044110892937,100,0.5537134604094276,0.5537134604094276,0
1,0.1,linear,1,False,"(-10, 10)",200,50,100,0.02453430157482234,0.02660745915753278,0.20729925320792122,0.03904053692489817,0.18813756316446542,0.1963214269344771,0.022308452222652122,100,1.3793042685370496,0.07639669357658463,1
2,0.1,l1norm,1,False,"(-10, 10)",200,50,100,0.33777921331439237,0.233663045240569,0.33402919378142487,0.2310184512215484,0.3571001579791635,0.39655849841030866,0.12735658700599276,100,2.45362626207963,0.5394878561697048,1
3,0.1,quadratic,1,False,"(-10, 10)",200,50,100,0.02047174939115033,0.14621868744346816,0.1746976344951415,0.16789726284611337,0.2087723073668298,0.2535820980154497,0.01641415990907427,100,0.5121325447791686,0.5121325447791686,0
4,0.1,exponential,1,False,"(-10, 10)",200,50,100,0.04533422561021025,0.10428360693813006,0.17372770360314616,0.045951263492875656,0.1693097676802616,0.17142846906935505,0.04323943137129526,100,0.5052298791040396,0.5052298791040396,0
5,0.1,cosine,1,False,"(-10, 10)",200,50,100,0.9934645971230769,0.4567466347681945,0.5837708239199935,0.5637701633221206,0.5655947314900767,0.6641273376212127,0.4282054602717086,100,0.7401551482674983,0.7401551482674983,0
