,noise_level,function,p,integer,"(lb,ub)",n_train,n_valid,n_test,poly_loss,krr_loss,knn_loss,nn_loss,xg_loss,rf_loss,gp_loss,num_valids,loss,loss_woo,num_o
0,0.1,exponential,2,False,"(-10, 10)",200,50,100,0.04074456961595855,0.15515111202115914,0.12230869123638653,0.05424717303439391,0.10604138552521847,0.11703799349461996,0.04080360155568762,100,0.18888395132942537,0.18888395132942537,0
1,0.1,quadratic,2,False,"(-10, 10)",200,50,100,0.02599133264821655,0.15853550996572752,0.16858941756039683,0.04812881106783068,0.16005164638574768,0.24720384737433468,0.023686397458208344,100,0.23287559300061805,0.205996330368093,1
2,0.1,linear,2,False,"(-10, 10)",200,50,100,0.029568342586138427,0.09843923680987472,0.09422740382379709,0.04884573652057088,0.11736037294740057,0.12286490420268383,0.006925931003284673,100,0.17848165379609582,0.17848165379609582,0
3,0.1,cosine,2,False,"(-10, 10)",200,50,100,1.0580224506808629,0.7673572198556722,0.8898124267337851,1.1096649299249446,0.44092669546225866,0.8035116153924277,0.3064397997352432,100,0.6195898521834053,0.6195898521834053,0
4,0.1,l1norm,2,False,"(-10, 10)",200,50,100,0.2396944828563044,0.17426248049521512,0.16205825799830464,0.058660021518950826,0.13977969105855,0.2924995747462402,0.07278427506709588,100,0.18573040573742824,0.18573040573742824,0
5,0.1,piecewise,2,False,"(-10, 10)",200,50,100,0.38966308018982854,0.35218642908501974,0.32783890885649286,0.19918527330793134,0.17932503507557948,0.3768437785354129,0.319812284502088,100,0.44382590013827516,0.44382590013827516,0
