,Unnamed: 0,noise_level,function,p,integer,"(lb,ub)",n,poly_loss,krr_loss,knn_loss,nn_loss,xg_loss,rf_loss,gp_loss,gpt3_loss,gptj_loss
0,7,0.1,linear,1,False,"(-150, 150)",250,0.002316592880213311,0.006635237846599868,0.003766391461582083,0.005861161775530594,0.004446928840925119,0.0029581612373532845,0.03764342774196656,0.006479388900375961,0.002832177764646572
1,3,0.1,linear,1,False,"(0, 300)",250,0.002094282572049079,0.01533244854422529,0.010208749960290371,0.002015735677082131,0.0027359347510948527,0.007813632340346922,0.18021813600680553,0.004289859077794002,0.004505127524165121
2,6,0.1,linear,1,True,"(-150, 150)",250,0.0008864581091746801,0.005292940334357886,0.004026043095031504,0.0007412875013926665,0.001644709107611118,0.0016791568585527363,0.020546158081801377,8.10441743099172e-05,0.0040630985616429026
3,1,0.1,linear,1,True,"(0, 300)",250,0.0016684050390316355,0.005532923047916392,0.0015926920131968448,0.0008585402901159661,0.006325046273006419,0.009408171001562849,0.5605961205876344,0.0034170725276936004,0.002832499287348243
4,0,0.1,piecewise,1,False,"(-150, 150)",250,0.004689461074789173,0.004513092235481589,0.0054677940887320545,0.01577455027371965,0.0018969428525581142,0.0016413901261599828,0.017012771025029787,0.0034861847521886016,0.0031327761243196348
5,4,0.1,piecewise,1,False,"(0, 300)",250,0.0017306018009844808,0.0023978946158855602,0.005237189530952239,0.08251799547941319,0.0013957386536970645,0.0011311164842927606,0.08003622717534667,0.0059214897750101,0.001993321377583013
6,5,0.1,piecewise,1,True,"(-150, 150)",250,0.0029710429147085317,0.006029740622824761,0.005855554822544129,0.028723396215106837,0.0038307728996440807,0.006184270326045255,0.018702332453612608,0.01171360752714297,0.010346815084560599
7,2,0.1,piecewise,1,True,"(0, 300)",250,0.0022701672958622505,0.013385256219003865,0.007479055606393861,0.04333715577145856,0.005724325788609103,0.010070867180541534,0.5709256200209363,0.004616531272142399,0.01575998148789059
