,Unnamed: 0,noise_level,function,p,integer,"(lb,ub)",n,poly_loss,krr_loss,knn_loss,nn_loss,xg_loss,rf_loss,gp_loss,gpt3_loss,gptj_loss
0,7,0.1,linear,1,False,"(-150, 150)",250,0.008719478240406866,0.11237338851777147,0.03301607444379533,0.009251614357587666,0.047152626715148804,0.038278633603321004,0.7085684306076155,0.06685968893329537,0.07076518406774844
1,3,0.1,linear,1,False,"(0, 300)",250,0.009669227615396266,0.19382179430135352,0.0414612632710174,0.007663491612175634,0.046366955976447265,0.04055973585066177,1.01147418130888,0.07607810275603594,0.0769185146871305
2,6,0.1,linear,1,True,"(-150, 150)",250,0.008176361972754233,0.10711426303163717,0.02859791150653143,0.006125107811330167,0.0437720546659342,0.03754949789175153,0.5835040728834664,0.08140676581091763,0.07488150723640227
3,1,0.1,linear,1,True,"(0, 300)",250,0.0100277354419269,0.178740142347353,0.03274542469457716,0.006432523419589334,0.044184231568916134,0.03891964956541097,0.4995496260049043,0.07981699041119424,0.07025103727629405
4,0,0.1,piecewise,1,False,"(-150, 150)",250,0.025252689882068566,0.12305482678594164,0.03634019686387357,0.06052752733218533,0.04569859883039503,0.0396762867084946,0.7677287873657163,0.07314249718559253,0.06900060933337743
5,4,0.1,piecewise,1,False,"(0, 300)",250,0.008653442221871935,0.16547167411760041,0.03296488052063796,0.09531554525575854,0.04606173238889503,0.0375439296354028,1.1586889878403719,0.07702667056257102,0.09789033773959933
6,5,0.1,piecewise,1,True,"(-150, 150)",250,0.0246397234497386,0.11675146337286253,0.036431486449480265,0.04774654540479173,0.0428052134869237,0.041391596541176405,0.5930517081221764,0.0809167856159066,0.08196693170738403
7,2,0.1,piecewise,1,True,"(0, 300)",250,0.008940343650558133,0.1806982600071624,0.037118953952852,0.101642723621252,0.04750425810435283,0.04292422305336253,0.4864838259470691,0.08470477265976335,0.1168204201370624
