,noise_level,function,p,integer,"(lb,ub)",n_train,n_valid,n_test,poly_loss,krr_loss,knn_loss,nn_loss,xg_loss,rf_loss,gp_loss,num_valids,loss,loss_woo,num_o
0,0.1,exponential,2,False,"(-10, 10)",200,50,100,0.04008452977382955,0.1515400556644511,0.13090912271465252,0.06769174138142836,0.09762113295417263,0.10904030597969629,0.039313099935376274,100,0.19205052644036166,0.19205052644036166,0
1,0.1,quadratic,2,False,"(-10, 10)",200,50,100,0.029107677026335176,0.16272148148996515,0.1734135598492503,0.05795819209625263,0.1384245308456198,0.24744619859105194,0.02576541394671794,100,0.23518805230851206,0.23518805230851206,0
2,0.1,linear,2,False,"(-10, 10)",200,50,100,0.02500615684218782,0.09209486284146108,0.09463123591807919,0.042981876975217284,0.10547556973132592,0.11018166564179623,0.007122703281720644,100,0.1927435771169886,0.1927435771169886,0
3,0.1,cosine,2,False,"(-10, 10)",200,50,100,1.0278891782391404,0.7243097481007166,0.7651091098533119,1.0087742573395635,0.41999049976854463,0.8130067695741869,0.3010336406051622,100,0.7477762166352854,0.7477762166352854,0
4,0.1,l1norm,2,False,"(-10, 10)",200,50,100,0.24180850151211813,0.15851461418736254,0.1565455342489002,0.05700400730879691,0.1584750146022997,0.28679556778405985,0.07628901843330947,100,0.21296388033065095,0.21296388033065095,0
5,0.1,piecewise,2,False,"(-10, 10)",200,50,100,0.3889522296193027,0.33999977692891215,0.3289597441339996,0.2172943663962272,0.1875816668239699,0.4091771078285996,0.28127439900272316,100,0.4652438566107146,0.4652438566107146,0
