,noise_level,function,p,integer,"(lb,ub)",n,poly_loss,krr_loss,knn_loss,nn_loss,xg_loss,rf_loss,gp_loss,gpt3_loss,gptj_loss
0,0.1,linear,1,False,"(-10, 10)",250,0.14407590987478258,0.2243126738060585,0.20350331397480587,0.07978585398433213,0.6383399388897164,0.14587881492391355,0.7726549119125221,0.06598530515356761,0.07183022458155439
1,0.1,quadratic,1,False,"(-10, 10)",250,0.12264205634241278,0.2063422464605914,0.19013353427703839,0.6644133596367218,0.6668668805606998,0.13245256701034108,0.9224519400283021,0.11382655743031961,0.13063626847466092
2,0.1,cosine,1,False,"(-10, 10)",250,1.0841586019231537,0.22032451410443632,0.34115462635515287,1.023279173392693,0.8133954971411619,0.3164736878744383,0.7704353071727481,0.4149057799858265,0.4662080008349348
3,0.1,exponential,1,False,"(-10, 10)",250,0.18034519261492063,0.3551382784163704,0.2582572983153196,0.5270743341460061,0.8364347169916354,0.17327274825164293,1.336524731370507,0.09961764071175379,0.1159094704618829
4,0.1,l1norm,1,False,"(-10, 10)",250,0.21937011773638954,0.21566774319312076,0.19939456580602086,0.34663640002275403,0.6908884486528378,0.13880510987462705,0.8690658692520661,0.09097584951333876,0.10944501446270655
5,0.1,piecewise,1,False,"(-10, 10)",250,0.5005711751812888,0.3779257667636952,0.3444946782653389,0.7569193555146353,0.6443360627449267,0.21499984850485382,0.7536294972720979,0.16567833479862812,0.1927124304146531
