,noise_level,function,p,integer,"(lb,ub)",n,poly_loss,krr_loss,knn_loss,nn_loss,xg_loss,rf_loss,gp_loss,gpt3_loss,gptj_loss
0,0.1,linear,1,False,"(-10, 10)",250,0.15271521231291751,0.2368390161604908,0.21407975592994755,0.11205343546126206,0.6935742881216277,0.14258762151113952,0.7671829530722478,0.06956128783525761,0.06571349038849765
1,0.1,quadratic,1,False,"(-10, 10)",250,0.13503588841656794,0.2079142483016737,0.20055778987721484,0.6522427106080921,0.6602109678973151,0.13509460173342583,0.8706652175594849,0.14102388119859546,0.12655040383449043
2,0.1,cosine,1,False,"(-10, 10)",250,1.0487604655125802,0.20214197764712846,0.2773893246107022,1.022145791009628,0.8173701510159023,0.3192428148280763,0.7319535797306634,0.5076747726686347,0.34350122530410326
3,0.1,exponential,1,False,"(-10, 10)",250,0.1727007816685638,0.30392240553530936,0.24954568084851994,0.537368609485688,0.7187802139838524,0.1512572075928423,1.300430379973189,0.09906186655837738,0.11244012646295255
4,0.1,l1norm,1,False,"(-10, 10)",250,0.21530336829448596,0.20446869051263777,0.21723334782878465,0.35785114275019586,0.6959316966276609,0.13958471864362437,0.7483280239411054,0.10017739970319933,0.0953380342094746
5,0.1,piecewise,1,False,"(-10, 10)",250,0.5095889499399764,0.3987027869759797,0.3682949606582553,0.826825053698846,0.6836527343981165,0.246580603220199,0.587943230422012,0.16486043655472016,0.13648673554028398
