,noise_level,function,p,integer,"(lb,ub)",n_train,n_valid,n_test,poly_loss,krr_loss,knn_loss,nn_loss,xg_loss,rf_loss,gp_loss,num_valids,loss,loss_woo,num_o
0,0.1,piecewise,1,False,"(-10, 10)",200,50,100,0.49996561371603393,0.14822432322078818,0.8610455177258495,0.5232366338295857,0.8848276436598093,0.7738689704131982,0.6538155227373813,100,0.5040110847673895,0.5040110847673895,0
1,0.1,linear,1,False,"(-10, 10)",200,50,100,0.03295757018136219,0.031676571796119275,0.20411229457274138,0.042938726445076805,0.1919954618162415,0.19821485266098585,0.030148852208791814,100,0.07581840705938529,0.07581840705938529,0
2,0.1,l1norm,1,False,"(-10, 10)",200,50,100,0.340975359971263,0.23647379480576566,0.3291145199164286,0.221403847678013,0.34364207646733846,0.40515372481288675,0.10040416281619663,100,0.5545535362546256,0.5545535362546256,0
3,0.1,quadratic,1,False,"(-10, 10)",200,50,100,0.02151518225704169,0.1434048488179399,0.18462576878358072,0.17404271170576435,0.21084971839224595,0.2639190015195694,0.013884980557485792,100,0.5442990172123382,0.5442990172123382,0
4,0.1,exponential,1,False,"(-10, 10)",200,50,100,0.04962377033173483,0.10642673274117165,0.1751735090033164,0.04365901034003966,0.16336636378267802,0.16776704514612545,0.03299762213698986,100,0.4866733166000804,0.4866733166000804,0
5,0.1,cosine,1,False,"(-10, 10)",200,50,100,0.9897640721857938,0.45766098999865473,0.579360990004144,0.604065964007877,0.5663740232814708,0.6504312681669528,0.4265379035719574,100,0.5804399031802399,0.5804399031802399,0
