,linear,poly,knn,nn
./group_1/servo\servo_train_20_num.csv,0.603575949799394,0.603575949799394,0.8547560981638355,0.7801814511491897
./group_1/servo\servo_train_40_num.csv,0.6303691598095078,0.6303691598095078,0.8998348900182699,0.7400322418678704
./group_1/servo\servo_train_60_num.csv,0.6080268628774134,0.6080268628774134,0.8998348900182699,0.7591712084068223
./group_1/servo\servo_train_80_num.csv,0.6080268628774134,0.6080268628774134,0.8998348900182699,0.7591712084068223
./group_1/servo\servo_train_full_num.csv,0.6293097241931256,0.6293097241931256,0.8998348900182699,0.7475064498230609
