,linear,poly,knn,nn
./group_1/servo\servo_train_20_num.csv,0.3813294404888924,0.3813294404888924,-0.2407377977492029,-0.03368172539309833
./group_1/servo\servo_train_40_num.csv,0.3251837811557752,0.3251837811557752,-0.3750587492152486,0.06997016651080767
./group_1/servo\servo_train_60_num.csv,0.3721713488942756,0.3721713488942756,-0.3750587492152486,0.021242607835057048
./group_1/servo\servo_train_80_num.csv,0.3721713488942756,0.3721713488942756,-0.3750587492152486,0.021242607835057048
./group_1/servo\servo_train_full_num.csv,0.32745014699433583,0.32745014699433583,-0.3750587492152486,0.05108899032479286
