,noise_level,function,p,integer,"(lb,ub)",n,poly_loss,krr_loss,knn_loss,nn_loss,xg_loss,rf_loss,gp_loss,gpt3_loss,gptj_loss
0,0.1,piecewise,1,False,"(-150, 150)",250,0.030381640052564846,0.12695865358299407,0.03589445819873152,0.07277332020043578,0.04768078060075449,0.04027101655383589,0.7661591996695841,0.0706414965117823,0.06539407212343538
1,0.1,linear,1,True,"(0, 300)",250,0.009630832184948342,0.18509764262104722,0.03263312659252748,0.0073578703335976615,0.04609804319872207,0.04442688329612197,0.1875005653316866,0.08354978792503427,0.0728814682303054
2,0.1,piecewise,1,True,"(0, 300)",250,0.006513269766398082,0.19614432422446032,0.04446851339636813,0.11780335251269052,0.05389210306704065,0.0519925788639625,1.1456513710987937,0.08596906972745251,0.0987106535816617
3,0.1,linear,1,False,"(0, 300)",250,0.010393149492943978,0.1841189873551771,0.05294161160542019,0.0096365699076386,0.04584328176946615,0.04770512920841505,0.8107011692405462,0.07422788048026072,0.08052240733338699
4,0.1,piecewise,1,False,"(0, 300)",250,0.007503900002682734,0.16417037456324446,0.02711807485850567,0.11531368861095614,0.04658221912991598,0.036967564939513066,1.0675992154479987,0.08142090014457833,0.09568195839833207
5,0.1,piecewise,1,True,"(-150, 150)",250,0.026390816410227468,0.11077963273119354,0.034079260180156605,0.06422644178499744,0.03894690556450557,0.037943037649693055,0.5797260030779604,0.06747693515671008,0.07505010408563376
6,0.1,linear,1,True,"(-150, 150)",250,0.008558736826670849,0.11303310553191831,0.029941481459021858,0.005659081221787675,0.045669876510686755,0.038109920134439194,0.5938695708450498,0.08135997493506357,0.07073997284998726
7,0.1,linear,1,False,"(-150, 150)",250,0.009863368250946296,0.1173900348093867,0.03408139003119788,0.00363734502125611,0.05193068034853392,0.04168957621625504,0.7402496105016215,0.07392142458966668,0.06958404887978102
