,noise_level,function,p,integer,"(lb,ub)",n,poly_loss,krr_loss,knn_loss,nn_loss,xg_loss,rf_loss,gp_loss,gpt3_loss,gptj_loss
0,0.1,linear,1,False,"(-10, 10)",250,0.14083359617836066,0.2432803550783264,0.19967173320045947,0.11309597190758745,0.6872061776698438,0.2804668436240468,0.8830613979152511,0.06920949023175324,0.07369677637507376
1,0.1,quadratic,1,False,"(-10, 10)",250,0.1321936814685187,0.22015886786516015,0.21697321516042758,0.6183695558937308,0.7010422653652955,0.16850651754077373,0.9817770489861909,0.0915454213406796,0.10256291535997408
2,0.1,cosine,1,False,"(-10, 10)",250,1.0930157586212295,0.28251827388639805,0.3907701454708576,1.0476581723691925,0.8331552263355099,0.37711670337712777,0.7617829798195698,0.5456444348854779,0.26777427759686423
3,0.1,exponential,1,False,"(-10, 10)",250,0.17766919897182762,0.3036416716917491,0.26119413112092227,0.5499613536064736,0.7362142747611924,0.32636750316883034,1.1149119498229076,0.09603604557396185,0.10433955684466639
4,0.1,l1norm,1,False,"(-10, 10)",250,0.2167144777705566,0.2341770858797656,0.21843342146176614,0.34767064673040465,0.6764912198172844,0.1613487591008349,0.7229317537517266,0.10231483202162629,0.1002106326770145
5,0.1,piecewise,1,False,"(-10, 10)",250,0.5109848282040899,0.3661669531304996,0.34377646044812354,0.7865554977647008,0.6739676036843956,0.2052838501083865,0.8283002940961698,0.1531010645138568,0.1334427031465161
