,Unnamed: 0,noise_level,function,p,integer,"(lb,ub)",n_train,n_valid,n_test,poly_loss,krr_loss,knn_loss,nn_loss,xg_loss,rf_loss,gp_loss,num_valids,loss,loss_woo,num_o,num_invalids
0,5,0.1,cosine,1,False,"(-10, 10)",200,50,100,0.9975793792338169,0.456072856798023,0.586608387699213,0.606905636420734,0.570164124672176,0.6727312821296924,0.4118708489968214,100,0.7375758337938242,0.7375758337938242,0.0,0.0
1,4,0.1,exponential,1,False,"(-10, 10)",200,50,100,0.048009930891330994,0.10639510570649068,0.17178287027130193,0.04627205935919213,0.1678752843657696,0.16867030728484242,0.03571174871303657,100,0.47780170411438894,0.47780170411438894,0.0,0.0
2,2,0.1,l1norm,1,False,"(-10, 10)",200,50,100,0.33950691946278067,0.23576282779998747,0.3345033900902081,0.22862635370155318,0.354103662200609,0.40313104907079406,0.13341413177044273,100,1.1689667210717891,0.5309205857684809,0.3333333333333333,0.0
3,1,0.1,linear,1,False,"(-10, 10)",200,50,100,0.031136455783765,0.029337407146231897,0.20593873936690466,0.040786886149732006,0.19258183875687016,0.20004272682103338,0.029048485263634433,100,0.5082302741700656,0.07392774918324403,0.3333333333333333,0.0
4,0,0.1,piecewise,1,False,"(-10, 10)",200,50,100,0.5023073031697282,0.14726765015382873,0.8409839763033559,0.5189382527483345,0.8827584725563309,0.7685508175270407,0.6462998348010806,100,0.46735245086454286,0.46735245086454286,0.0,0.0
5,3,0.1,quadratic,1,False,"(-10, 10)",200,50,100,0.021867964324291698,0.14427949015612498,0.18179205987163324,0.1756785472482213,0.21041192141245138,0.25884545139869924,0.014920480973878264,100,0.5593956020797358,0.5593956020797358,0.0,0.0
