,Unnamed: 0,noise_level,function,p,integer,"(lb,ub)",n_train,n_valid,n_test,poly_loss,krr_loss,knn_loss,nn_loss,xg_loss,rf_loss,gp_loss,num_valids,loss,loss_woo,num_o,num_invalids
0,5,0.1,cosine,1,False,"(-10, 10)",200,50,100,0.010496129844132921,0.00201151509572273,0.009007857389232835,0.044623126199620035,0.007250012831616005,0.027625831508157492,0.026861173660956986,100,0.15586228078911651,0.15586228078911651,0.0,0.0
1,4,0.1,exponential,1,False,"(-10, 10)",200,50,100,0.0023336061744114187,0.002095864230654176,0.004676861653069488,0.002787326763794731,0.003990004493903312,0.0024355688880380285,0.006603136051561029,100,0.032777163255185614,0.032777163255185614,0.0,0.0
2,2,0.1,l1norm,1,False,"(-10, 10)",200,50,100,0.0016137696140042027,0.0018497796520364795,0.005640936645099955,0.006372580721982328,0.00933143426911072,0.0058305660580821326,0.036418556582421845,100,1.1128979908254228,0.02888571183131539,0.5773502691896258,0.0
3,1,0.1,linear,1,False,"(-10, 10)",200,50,100,0.0059060663527201775,0.002557050928137545,0.0016437746425262095,0.0019804766194039774,0.00476460325556397,0.004898087861102323,0.0062627744043644955,100,0.7543786808923031,0.0037865819395658615,0.5773502691896258,0.0
4,0,0.1,piecewise,1,False,"(-10, 10)",200,50,100,0.002380952921438397,0.00449537961632827,0.020300957762495363,0.03809278791645666,0.0036951157027387267,0.0236616755402483,0.017145861024060138,100,0.10939815373954338,0.10939815373954338,0.0,0.0
5,3,0.1,quadratic,1,False,"(-10, 10)",200,50,100,0.0016020084010202253,0.0016820765378823869,0.006185243827509913,0.00871511597509691,0.001470436104329229,0.005171064926316236,0.0013253802150496438,100,0.05634903917269508,0.05634903917269508,0.0,0.0
